id;firstname;lastname;email;dob;course
1;Bedfordshire copy Auto;Rand frictionless;Rogelio47@hotmail.com;2023-05-06;Bedfordshire Monitored Tasty
2;cross-platform Avon connect;sensor;Ida_Brown@hotmail.com;2023-05-06;invoice
3;virtual generate;open-source even-keeled;Alexandre_Borer72@gmail.com;2023-05-06;generate Refined
4;up experiences Uganda;Alabama invoice Soft;Molly44@yahoo.com;2023-05-06;wireless Advanced Credit
5;system Developer Chief;Savings;Jamel.Schroeder@yahoo.com;2023-05-06;generating collaborative
6;indexing;Rustic;Emiliano.Kuvalis@hotmail.com;2023-05-06;Course Euro copying
7;Account;superstructure;Kurt.Fritsch@hotmail.com;2023-05-06;PNG Virgin Buckinghamshire
8;cross-platform Utah Ukraine;infomediaries white Grass-roots;Cassandre.Jerde55@hotmail.com;2023-05-06;1080p
9;solutions Books;Fresh Steel Buckinghamshire;Reece.Gutmann3@hotmail.com;2023-05-06;Chief
10;Health;Buckinghamshire;Elta_Blick36@hotmail.com;2023-05-06;Loan
